A1	CGAT	GTCACCGG	GTAAAACGACGGCCAGT		CGATGTCACCGGGTAAAACGACGGCCAGT
A2	CGAT	ATCTACAC	GTAAAACGACGGCCAGT		CGATATCTACACGTAAAACGACGGCCAGT
A3	CGAT	CTCGAACG	GTAAAACGACGGCCAGT		CGATCTCGAACGGTAAAACGACGGCCAGT
A4	CGAT	ATAAGGGC	GTAAAACGACGGCCAGT		CGATATAAGGGCGTAAAACGACGGCCAGT
A5	CGAT	GATTCAAT	GTAAAACGACGGCCAGT		CGATGATTCAATGTAAAACGACGGCCAGT
A6	CGAT	ACCTCGTC	GTAAAACGACGGCCAGT		CGATACCTCGTCGTAAAACGACGGCCAGT
A7	CGAT	GATACGTG	GTAAAACGACGGCCAGT		CGATGATACGTGGTAAAACGACGGCCAGT
A8	CGAT	CCTTCCGT	GTAAAACGACGGCCAGT		CGATCCTTCCGTGTAAAACGACGGCCAGT
A9	CGAT	CTAGGTGA	GTAAAACGACGGCCAGT		CGATCTAGGTGAGTAAAACGACGGCCAGT
A10	CGAT	CCAGCCTT	GTAAAACGACGGCCAGT		CGATCCAGCCTTGTAAAACGACGGCCAGT
A11	CGAT	TTGCAGAT	GTAAAACGACGGCCAGT		CGATTTGCAGATGTAAAACGACGGCCAGT
A12	CGAT	GCGTGACT	GTAAAACGACGGCCAGT		CGATGCGTGACTGTAAAACGACGGCCAGT
B1	CGAT	CGCGTGTG	GTAAAACGACGGCCAGT		CGATCGCGTGTGGTAAAACGACGGCCAGT
B2	CGAT	TGAAGATT	GTAAAACGACGGCCAGT		CGATTGAAGATTGTAAAACGACGGCCAGT
B3	CGAT	ACCTTATG	GTAAAACGACGGCCAGT		CGATACCTTATGGTAAAACGACGGCCAGT
B4	CGAT	AGCCGAGG	GTAAAACGACGGCCAGT		CGATAGCCGAGGGTAAAACGACGGCCAGT
B5	CGAT	GACGTCCG	GTAAAACGACGGCCAGT		CGATGACGTCCGGTAAAACGACGGCCAGT
B6	CGAT	CTTGTCGT	GTAAAACGACGGCCAGT		CGATCTTGTCGTGTAAAACGACGGCCAGT
B7	CGAT	GAGCCGCG	GTAAAACGACGGCCAGT		CGATGAGCCGCGGTAAAACGACGGCCAGT
B8	CGAT	TATTAACA	GTAAAACGACGGCCAGT		CGATTATTAACAGTAAAACGACGGCCAGT
B9	CGAT	GAGGCAGG	GTAAAACGACGGCCAGT		CGATGAGGCAGGGTAAAACGACGGCCAGT
B10	CGAT	GCAGTGGC	GTAAAACGACGGCCAGT		CGATGCAGTGGCGTAAAACGACGGCCAGT
B11	CGAT	ATTGTAAG	GTAAAACGACGGCCAGT		CGATATTGTAAGGTAAAACGACGGCCAGT
B12	CGAT	TCACTGCA	GTAAAACGACGGCCAGT		CGATTCACTGCAGTAAAACGACGGCCAGT
C1	CGAT	ATCCTCAT	GTAAAACGACGGCCAGT		CGATATCCTCATGTAAAACGACGGCCAGT
C2	CGAT	GCTACCAG	GTAAAACGACGGCCAGT		CGATGCTACCAGGTAAAACGACGGCCAGT
C3	CGAT	ATGATACA	GTAAAACGACGGCCAGT		CGATATGATACAGTAAAACGACGGCCAGT
C4	CGAT	TCATATTA	GTAAAACGACGGCCAGT		CGATTCATATTAGTAAAACGACGGCCAGT
C5	CGAT	ACAATGAG	GTAAAACGACGGCCAGT		CGATACAATGAGGTAAAACGACGGCCAGT
C6	CGAT	GGCCTGCG	GTAAAACGACGGCCAGT		CGATGGCCTGCGGTAAAACGACGGCCAGT
C7	CGAT	CGAGGCCT	GTAAAACGACGGCCAGT		CGATCGAGGCCTGTAAAACGACGGCCAGT
C8	CGAT	GACGTGTT	GTAAAACGACGGCCAGT		CGATGACGTGTTGTAAAACGACGGCCAGT
C9	CGAT	CGCCGTCA	GTAAAACGACGGCCAGT		CGATCGCCGTCAGTAAAACGACGGCCAGT
C10	CGAT	GGCGCAGC	GTAAAACGACGGCCAGT		CGATGGCGCAGCGTAAAACGACGGCCAGT
C11	CGAT	TAGGTAGT	GTAAAACGACGGCCAGT		CGATTAGGTAGTGTAAAACGACGGCCAGT
C12	CGAT	GTGTGAGG	GTAAAACGACGGCCAGT		CGATGTGTGAGGGTAAAACGACGGCCAGT
D1	CGAT	CGGCAAGG	GTAAAACGACGGCCAGT		CGATCGGCAAGGGTAAAACGACGGCCAGT
D2	CGAT	ACGCCGGA	GTAAAACGACGGCCAGT		CGATACGCCGGAGTAAAACGACGGCCAGT
D3	CGAT	GTATTCTT	GTAAAACGACGGCCAGT		CGATGTATTCTTGTAAAACGACGGCCAGT
D4	CGAT	TGCATCCG	GTAAAACGACGGCCAGT		CGATTGCATCCGGTAAAACGACGGCCAGT
D5	CGAT	GAATAAGG	GTAAAACGACGGCCAGT		CGATGAATAAGGGTAAAACGACGGCCAGT
D6	CGAT	GAACCGGT	GTAAAACGACGGCCAGT		CGATGAACCGGTGTAAAACGACGGCCAGT
D7	CGAT	ACATCGAA	GTAAAACGACGGCCAGT		CGATACATCGAAGTAAAACGACGGCCAGT
D8	CGAT	TATACATC	GTAAAACGACGGCCAGT		CGATTATACATCGTAAAACGACGGCCAGT
D9	CGAT	GATATTAA	GTAAAACGACGGCCAGT		CGATGATATTAAGTAAAACGACGGCCAGT
D10	CGAT	GTCAATGC	GTAAAACGACGGCCAGT		CGATGTCAATGCGTAAAACGACGGCCAGT
D11	CGAT	TAGAGTTA	GTAAAACGACGGCCAGT		CGATTAGAGTTAGTAAAACGACGGCCAGT
D12	CGAT	ACTCCGAC	GTAAAACGACGGCCAGT		CGATACTCCGACGTAAAACGACGGCCAGT
E1	CGAT	TTGAGTCG	GTAAAACGACGGCCAGT		CGATTTGAGTCGGTAAAACGACGGCCAGT
E2	CGAT	ATGGATTA	GTAAAACGACGGCCAGT		CGATATGGATTAGTAAAACGACGGCCAGT
E3	CGAT	GGTCGTCG	GTAAAACGACGGCCAGT		CGATGGTCGTCGGTAAAACGACGGCCAGT
E4	CGAT	ACTGCCGG	GTAAAACGACGGCCAGT		CGATACTGCCGGGTAAAACGACGGCCAGT
E5	CGAT	TGTAAGTT	GTAAAACGACGGCCAGT		CGATTGTAAGTTGTAAAACGACGGCCAGT
E6	CGAT	TAGCCGTA	GTAAAACGACGGCCAGT		CGATTAGCCGTAGTAAAACGACGGCCAGT
E7	CGAT	CGTAGGTA	GTAAAACGACGGCCAGT		CGATCGTAGGTAGTAAAACGACGGCCAGT
E8	CGAT	CAGTCGCC	GTAAAACGACGGCCAGT		CGATCAGTCGCCGTAAAACGACGGCCAGT
E9	CGAT	GTCTTCGA	GTAAAACGACGGCCAGT		CGATGTCTTCGAGTAAAACGACGGCCAGT
E10	CGAT	TCGCTTAG	GTAAAACGACGGCCAGT		CGATTCGCTTAGGTAAAACGACGGCCAGT
E11	CGAT	TCTCAAGT	GTAAAACGACGGCCAGT		CGATTCTCAAGTGTAAAACGACGGCCAGT
E12	CGAT	ATATTAGG	GTAAAACGACGGCCAGT		CGATATATTAGGGTAAAACGACGGCCAGT
F1	CGAT	CTTCTCCG	GTAAAACGACGGCCAGT		CGATCTTCTCCGGTAAAACGACGGCCAGT
F2	CGAT	CAATTCTG	GTAAAACGACGGCCAGT		CGATCAATTCTGGTAAAACGACGGCCAGT
F3	CGAT	TCCGCGCC	GTAAAACGACGGCCAGT		CGATTCCGCGCCGTAAAACGACGGCCAGT
F4	CGAT	GTAACCAA	GTAAAACGACGGCCAGT		CGATGTAACCAAGTAAAACGACGGCCAGT
F5	CGAT	ACTCAGTT	GTAAAACGACGGCCAGT		CGATACTCAGTTGTAAAACGACGGCCAGT
F6	CGAT	AGCGGCTC	GTAAAACGACGGCCAGT		CGATAGCGGCTCGTAAAACGACGGCCAGT
F7	CGAT	GCTGACGT	GTAAAACGACGGCCAGT		CGATGCTGACGTGTAAAACGACGGCCAGT
F8	CGAT	TAGGCTAT	GTAAAACGACGGCCAGT		CGATTAGGCTATGTAAAACGACGGCCAGT
F9	CGAT	CGGTCCGG	GTAAAACGACGGCCAGT		CGATCGGTCCGGGTAAAACGACGGCCAGT
F10	CGAT	TATTATAG	GTAAAACGACGGCCAGT		CGATTATTATAGGTAAAACGACGGCCAGT
F11	CGAT	CACGACCA	GTAAAACGACGGCCAGT		CGATCACGACCAGTAAAACGACGGCCAGT
F12	CGAT	CACGGATG	GTAAAACGACGGCCAGT		CGATCACGGATGGTAAAACGACGGCCAGT
G1	CGAT	CTTGAATT	GTAAAACGACGGCCAGT		CGATCTTGAATTGTAAAACGACGGCCAGT
G2	CGAT	GAGGTTGC	GTAAAACGACGGCCAGT		CGATGAGGTTGCGTAAAACGACGGCCAGT
G3	CGAT	AATTGAGA	GTAAAACGACGGCCAGT		CGATAATTGAGAGTAAAACGACGGCCAGT
G4	CGAT	GCAAGCTC	GTAAAACGACGGCCAGT		CGATGCAAGCTCGTAAAACGACGGCCAGT
G5	CGAT	TTATTGTA	GTAAAACGACGGCCAGT		CGATTTATTGTAGTAAAACGACGGCCAGT
G6	CGAT	CTGAATCC	GTAAAACGACGGCCAGT		CGATCTGAATCCGTAAAACGACGGCCAGT
G7	CGAT	CTGTGGCG	GTAAAACGACGGCCAGT		CGATCTGTGGCGGTAAAACGACGGCCAGT
G8	CGAT	CAGCGCGC	GTAAAACGACGGCCAGT		CGATCAGCGCGCGTAAAACGACGGCCAGT
G9	CGAT	GCGTAGGC	GTAAAACGACGGCCAGT		CGATGCGTAGGCGTAAAACGACGGCCAGT
G10	CGAT	CTATTGAT	GTAAAACGACGGCCAGT		CGATCTATTGATGTAAAACGACGGCCAGT
G11	CGAT	AACATCAA	GTAAAACGACGGCCAGT		CGATAACATCAAGTAAAACGACGGCCAGT
G12	CGAT	TGTCCGCA	GTAAAACGACGGCCAGT		CGATTGTCCGCAGTAAAACGACGGCCAGT
H1	CGAT	CGACAGAA	GTAAAACGACGGCCAGT		CGATCGACAGAAGTAAAACGACGGCCAGT
H2	CGAT	GCCGGCAC	GTAAAACGACGGCCAGT		CGATGCCGGCACGTAAAACGACGGCCAGT
H3	CGAT	TTGGCGCA	GTAAAACGACGGCCAGT		CGATTTGGCGCAGTAAAACGACGGCCAGT
H4	CGAT	CACGCTAC	GTAAAACGACGGCCAGT		CGATCACGCTACGTAAAACGACGGCCAGT
H5	CGAT	GAATTCCA	GTAAAACGACGGCCAGT		CGATGAATTCCAGTAAAACGACGGCCAGT
H6	CGAT	TATGAGTA	GTAAAACGACGGCCAGT		CGATTATGAGTAGTAAAACGACGGCCAGT
H7	CGAT	AATATTCT	GTAAAACGACGGCCAGT		CGATAATATTCTGTAAAACGACGGCCAGT
H8	CGAT	ACACATAG	GTAAAACGACGGCCAGT		CGATACACATAGGTAAAACGACGGCCAGT
H9	CGAT	GGCTAGGT	GTAAAACGACGGCCAGT		CGATGGCTAGGTGTAAAACGACGGCCAGT
H10	CGAT	ACACCTCC	GTAAAACGACGGCCAGT		CGATACACCTCCGTAAAACGACGGCCAGT
H11	CGAT	AGTACTGC	GTAAAACGACGGCCAGT		CGATAGTACTGCGTAAAACGACGGCCAGT
H12	CGAT	TTGAACGG	GTAAAACGACGGCCAGT		CGATTTGAACGGGTAAAACGACGGCCAGT
